product_id,product_name,category,brand,price,cost,status
1,کرم مرطوب کننده آبرسان,مراقبت پوست,CeraVe,2816991,1958136,غیرفعال
2,سرم هیالورونیک اسید,مراقبت پوست,The Ordinary,3713112,2229017,فعال
3,سرم ویتامین C,مراقبت پوست,La Roche-Posay,1840097,482964,فعال
4,کرم ضد آفتاب SPF50,مراقبت پوست,Bioderma,4749880,4425732,غیرفعال
5,ژل شستشوی صورت,مراقبت پوست,Neutrogena,4777696,3996369,غیرفعال
6,کرم دور چشم,مراقبت پوست,Eucerin,4048908,3461813,غیرفعال
7,ماسک صورت مغذی,مراقبت پوست,Vichy,5058054,4404636,فعال
8,تونر پاک کننده پوست,مراقبت پوست,L'Oréal,5598683,4078888,فعال
9,عطر ادو پرفیوم,عطر,Dior,1963126,1905488,فعال
10,عطر زنانه کلاسیک,عطر,Chanel,2255274,1071319,غیرفعال
11,عطر مردانه اسپرت,عطر,Armani,4358840,3340307,غیرفعال
12,اسپری بدن,عطر,Nivea,2440082,841138,غیرفعال
13,رژ لب مات,آرایشی,Maybelline,3580338,2168700,فعال
14,ریمل حجم دهنده,آرایشی,MAC,1581961,1326254,غیرفعال
15,پنکیک آرایشی,آرایشی,NYX,3776468,3400415,فعال
16,کرم پودر,آرایشی,L'Oréal Paris,3085914,1891776,فعال
17,سایه چشم,آرایشی,Essence,1652485,531937,فعال
18,خط چشم ضد آب,آرایشی,Sephora,4836792,3960777,غیرفعال
19,شامپو تقویت کننده,بهداشتی,Head & Shoulders,1870853,1679182,غیرفعال
20,نرم کننده مو,بهداشتی,Pantene,4156267,3858833,غیرفعال
21,کرم دست و بدن,بهداشتی,Nivea,6433901,4822824,فعال
22,محصول مراقبت مو,بهداشتی,Garnier,3892088,2907770,غیرفعال
23,کرم مرطوب کننده آبرسان,مراقبت پوست,CeraVe,1650070,1013141,غیرفعال
24,سرم هیالورونیک اسید,مراقبت پوست,The Ordinary,1370879,413514,غیرفعال
25,سرم ویتامین C,مراقبت پوست,La Roche-Posay,4181041,3228106,غیرفعال
26,کرم ضد آفتاب SPF50,مراقبت پوست,Bioderma,1681990,1501399,غیرفعال
27,ژل شستشوی صورت,مراقبت پوست,Neutrogena,3225436,2210829,غیرفعال
28,کرم دور چشم,مراقبت پوست,Eucerin,4453128,3334261,فعال
29,ماسک صورت مغذی,مراقبت پوست,Vichy,6821608,4893009,غیرفعال
30,تونر پاک کننده پوست,مراقبت پوست,L'Oréal,2172176,1027696,فعال
31,عطر ادو پرفیوم,عطر,Dior,5654964,3964479,فعال
32,عطر زنانه کلاسیک,عطر,Chanel,1552682,1429492,غیرفعال
33,عطر مردانه اسپرت,عطر,Armani,4177021,3938340,فعال
34,اسپری بدن,عطر,Nivea,5471251,3730051,فعال
35,رژ لب مات,آرایشی,Maybelline,1466864,720508,غیرفعال
36,ریمل حجم دهنده,آرایشی,MAC,4093070,2259260,فعال
37,پنکیک آرایشی,آرایشی,NYX,1893675,1785358,غیرفعال
38,کرم پودر,آرایشی,L'Oréal Paris,4483538,3179084,فعال
39,سایه چشم,آرایشی,Essence,3235825,1635992,غیرفعال
40,خط چشم ضد آب,آرایشی,Sephora,2008046,139333,غیرفعال
41,شامپو تقویت کننده,بهداشتی,Head & Shoulders,4859242,4583821,غیرفعال
42,نرم کننده مو,بهداشتی,Pantene,4736567,3020390,غیرفعال
43,کرم دست و بدن,بهداشتی,Nivea,6530087,4585663,فعال
44,محصول مراقبت مو,بهداشتی,Garnier,2186926,1479243,فعال
45,کرم مرطوب کننده آبرسان,مراقبت پوست,CeraVe,2301908,2163475,غیرفعال
46,سرم هیالورونیک اسید,مراقبت پوست,The Ordinary,4958562,3319717,فعال
47,سرم ویتامین C,مراقبت پوست,La Roche-Posay,4686970,3497070,فعال
48,کرم ضد آفتاب SPF50,مراقبت پوست,Bioderma,1485811,1009971,فعال
49,ژل شستشوی صورت,مراقبت پوست,Neutrogena,5428923,4611823,فعال
50,کرم دور چشم,مراقبت پوست,Eucerin,794281,408570,غیرفعال
51,ماسک صورت مغذی,مراقبت پوست,Vichy,5872537,4820335,فعال
52,تونر پاک کننده پوست,مراقبت پوست,L'Oréal,4159610,2877485,فعال
53,عطر ادو پرفیوم,عطر,Dior,5826025,4321957,غیرفعال
54,عطر زنانه کلاسیک,عطر,Chanel,5062482,4372731,غیرفعال
55,عطر مردانه اسپرت,عطر,Armani,6245289,4871638,غیرفعال
56,اسپری بدن,عطر,Nivea,4209934,3128184,فعال
57,رژ لب مات,آرایشی,Maybelline,3005823,1183761,غیرفعال
58,ریمل حجم دهنده,آرایشی,MAC,5364752,3911646,غیرفعال
59,پنکیک آرایشی,آرایشی,NYX,2492184,1459906,غیرفعال
60,کرم پودر,آرایشی,L'Oréal Paris,4353589,3741097,فعال
61,سایه چشم,آرایشی,Essence,1847993,473845,غیرفعال
62,خط چشم ضد آب,آرایشی,Sephora,4265446,4004467,غیرفعال
63,شامپو تقویت کننده,بهداشتی,Head & Shoulders,3720391,2002185,فعال
64,نرم کننده مو,بهداشتی,Pantene,5025861,4545103,فعال
65,کرم دست و بدن,بهداشتی,Nivea,2915444,2085385,فعال
66,محصول مراقبت مو,بهداشتی,Garnier,1200505,672429,فعال
67,کرم مرطوب کننده آبرسان,مراقبت پوست,CeraVe,3968407,2985459,غیرفعال
68,سرم هیالورونیک اسید,مراقبت پوست,The Ordinary,1754524,505975,فعال
69,سرم ویتامین C,مراقبت پوست,La Roche-Posay,3893903,2150244,غیرفعال
70,کرم ضد آفتاب SPF50,مراقبت پوست,Bioderma,2761558,2512411,فعال
71,ژل شستشوی صورت,مراقبت پوست,Neutrogena,1960504,1840933,فعال
72,کرم دور چشم,مراقبت پوست,Eucerin,4044280,2075709,فعال
73,ماسک صورت مغذی,مراقبت پوست,Vichy,2720954,2577339,غیرفعال
74,تونر پاک کننده پوست,مراقبت پوست,L'Oréal,3779818,3426124,فعال
75,عطر ادو پرفیوم,عطر,Dior,2520279,2118183,فعال
76,عطر زنانه کلاسیک,عطر,Chanel,1945581,884723,غیرفعال
77,عطر مردانه اسپرت,عطر,Armani,3076902,1864581,فعال
78,اسپری بدن,عطر,Nivea,6509493,4898694,فعال
79,رژ لب مات,آرایشی,Maybelline,2244257,1583664,غیرفعال
80,ریمل حجم دهنده,آرایشی,MAC,2253059,2083968,غیرفعال
81,پنکیک آرایشی,آرایشی,NYX,3148259,2455958,غیرفعال
82,کرم پودر,آرایشی,L'Oréal Paris,3411902,1472140,فعال
83,سایه چشم,آرایشی,Essence,4560540,3734539,فعال
84,خط چشم ضد آب,آرایشی,Sephora,2456345,587305,غیرفعال
85,شامپو تقویت کننده,بهداشتی,Head & Shoulders,4580036,4117060,غیرفعال
86,نرم کننده مو,بهداشتی,Pantene,3512006,3116550,فعال
87,کرم دست و بدن,بهداشتی,Nivea,2787041,936200,فعال
88,محصول مراقبت مو,بهداشتی,Garnier,5083257,4367571,فعال
89,کرم مرطوب کننده آبرسان,مراقبت پوست,CeraVe,3168849,2301582,غیرفعال
90,سرم هیالورونیک اسید,مراقبت پوست,The Ordinary,2463702,2347794,غیرفعال
91,سرم ویتامین C,مراقبت پوست,La Roche-Posay,4242260,2809043,غیرفعال
92,کرم ضد آفتاب SPF50,مراقبت پوست,Bioderma,3670121,3580246,فعال
93,ژل شستشوی صورت,مراقبت پوست,Neutrogena,2956908,1553041,فعال
94,کرم دور چشم,مراقبت پوست,Eucerin,2471839,1909652,فعال
95,ماسک صورت مغذی,مراقبت پوست,Vichy,3550036,2993168,غیرفعال
96,تونر پاک کننده پوست,مراقبت پوست,L'Oréal,5734724,4551900,غیرفعال
97,عطر ادو پرفیوم,عطر,Dior,1526368,452019,غیرفعال
98,عطر زنانه کلاسیک,عطر,Chanel,1901499,1056630,فعال
99,عطر مردانه اسپرت,عطر,Armani,5822826,4369776,فعال
100,اسپری بدن,عطر,Nivea,3222803,2678575,غیرفعال
101,رژ لب مات,آرایشی,Maybelline,5029340,4056027,فعال
102,ریمل حجم دهنده,آرایشی,MAC,2041989,1594680,غیرفعال
103,پنکیک آرایشی,آرایشی,NYX,946500,236775,فعال
104,کرم پودر,آرایشی,L'Oréal Paris,4285246,4194809,فعال
105,سایه چشم,آرایشی,Essence,2593271,2381005,فعال
106,خط چشم ضد آب,آرایشی,Sephora,4579765,2951512,غیرفعال
107,شامپو تقویت کننده,بهداشتی,Head & Shoulders,3055735,1137558,غیرفعال
108,نرم کننده مو,بهداشتی,Pantene,5988109,4191585,فعال
109,کرم دست و بدن,بهداشتی,Nivea,958944,392723,فعال
110,محصول مراقبت مو,بهداشتی,Garnier,2729895,2006963,فعال
111,کرم مرطوب کننده آبرسان,مراقبت پوست,CeraVe,3591980,1724360,غیرفعال
112,سرم هیالورونیک اسید,مراقبت پوست,The Ordinary,760142,554267,غیرفعال
113,سرم ویتامین C,مراقبت پوست,La Roche-Posay,3003758,1412375,غیرفعال
114,کرم ضد آفتاب SPF50,مراقبت پوست,Bioderma,434146,260244,فعال
115,ژل شستشوی صورت,مراقبت پوست,Neutrogena,3584699,2714877,فعال
116,کرم دور چشم,مراقبت پوست,Eucerin,2550940,737193,فعال
117,ماسک صورت مغذی,مراقبت پوست,Vichy,6052125,4372574,غیرفعال
118,تونر پاک کننده پوست,مراقبت پوست,L'Oréal,2088532,1529849,غیرفعال
119,عطر ادو پرفیوم,عطر,Dior,2354341,509777,فعال
120,عطر زنانه کلاسیک,عطر,Chanel,869951,804529,غیرفعال
121,عطر مردانه اسپرت,عطر,Armani,3072998,2169455,غیرفعال
122,اسپری بدن,عطر,Nivea,4184545,2774868,غیرفعال
123,رژ لب مات,آرایشی,Maybelline,4999900,4899319,غیرفعال
124,ریمل حجم دهنده,آرایشی,MAC,5395929,4264734,فعال
125,پنکیک آرایشی,آرایشی,NYX,1059180,349641,فعال
126,کرم پودر,آرایشی,L'Oréal Paris,2688661,1214650,غیرفعال
127,سایه چشم,آرایشی,Essence,5825326,4601623,غیرفعال
128,خط چشم ضد آب,آرایشی,Sephora,2721491,1952563,فعال
129,شامپو تقویت کننده,بهداشتی,Head & Shoulders,2444857,806522,فعال
130,نرم کننده مو,بهداشتی,Pantene,2703487,2291273,فعال
131,کرم دست و بدن,بهداشتی,Nivea,3023624,2358381,فعال
132,محصول مراقبت مو,بهداشتی,Garnier,4361482,2440213,غیرفعال
133,کرم مرطوب کننده آبرسان,مراقبت پوست,CeraVe,5832773,4395281,غیرفعال
134,سرم هیالورونیک اسید,مراقبت پوست,The Ordinary,5972624,4203921,غیرفعال
135,سرم ویتامین C,مراقبت پوست,La Roche-Posay,2970131,2200204,غیرفعال
136,کرم ضد آفتاب SPF50,مراقبت پوست,Bioderma,1384268,237736,فعال
137,ژل شستشوی صورت,مراقبت پوست,Neutrogena,3725256,3309752,غیرفعال
138,کرم دور چشم,مراقبت پوست,Eucerin,1624462,1302029,غیرفعال
139,ماسک صورت مغذی,مراقبت پوست,Vichy,5086643,3548244,فعال
140,تونر پاک کننده پوست,مراقبت پوست,L'Oréal,2702927,926443,غیرفعال
141,عطر ادو پرفیوم,عطر,Dior,4338709,2817064,فعال
142,عطر زنانه کلاسیک,عطر,Chanel,4109730,2911455,فعال
143,عطر مردانه اسپرت,عطر,Armani,2139039,1427358,فعال
144,اسپری بدن,عطر,Nivea,1200396,825782,فعال
145,رژ لب مات,آرایشی,Maybelline,4582075,4416951,فعال
146,ریمل حجم دهنده,آرایشی,MAC,4523627,3245626,فعال
147,پنکیک آرایشی,آرایشی,NYX,6330060,4639877,فعال
148,کرم پودر,آرایشی,L'Oréal Paris,3694068,1840519,غیرفعال
149,سایه چشم,آرایشی,Essence,6447796,4509778,غیرفعال
150,خط چشم ضد آب,آرایشی,Sephora,5477219,4765510,غیرفعال
151,شامپو تقویت کننده,بهداشتی,Head & Shoulders,4213908,2393987,فعال
152,نرم کننده مو,بهداشتی,Pantene,1685295,218267,غیرفعال
153,کرم دست و بدن,بهداشتی,Nivea,4482837,3660936,غیرفعال
154,محصول مراقبت مو,بهداشتی,Garnier,4992514,4547060,فعال
155,کرم مرطوب کننده آبرسان,مراقبت پوست,CeraVe,3508570,2658794,غیرفعال
156,سرم هیالورونیک اسید,مراقبت پوست,The Ordinary,4937002,4653135,غیرفعال
157,سرم ویتامین C,مراقبت پوست,La Roche-Posay,693840,265222,فعال
158,کرم ضد آفتاب SPF50,مراقبت پوست,Bioderma,4414418,3233346,غیرفعال
159,ژل شستشوی صورت,مراقبت پوست,Neutrogena,2679786,2337248,فعال
160,کرم دور چشم,مراقبت پوست,Eucerin,4448341,2504532,فعال
161,ماسک صورت مغذی,مراقبت پوست,Vichy,3147992,2106431,فعال
162,تونر پاک کننده پوست,مراقبت پوست,L'Oréal,2091523,561247,فعال
163,عطر ادو پرفیوم,عطر,Dior,6475866,4504144,غیرفعال
164,عطر زنانه کلاسیک,عطر,Chanel,6407395,4642464,غیرفعال
165,عطر مردانه اسپرت,عطر,Armani,4600646,3420030,غیرفعال
166,اسپری بدن,عطر,Nivea,3387717,3147565,فعال
167,رژ لب مات,آرایشی,Maybelline,5221314,3523305,غیرفعال
168,ریمل حجم دهنده,آرایشی,MAC,6369973,4767763,فعال
169,پنکیک آرایشی,آرایشی,NYX,1478657,859187,غیرفعال
170,کرم پودر,آرایشی,L'Oréal Paris,5375029,3548312,غیرفعال
171,سایه چشم,آرایشی,Essence,3390261,2495134,فعال
172,خط چشم ضد آب,آرایشی,Sephora,2218277,808141,فعال
173,شامپو تقویت کننده,بهداشتی,Head & Shoulders,2587742,2216719,غیرفعال
174,نرم کننده مو,بهداشتی,Pantene,4245885,2544025,غیرفعال
175,کرم دست و بدن,بهداشتی,Nivea,3068928,2888325,فعال
176,محصول مراقبت مو,بهداشتی,Garnier,4597664,3303846,غیرفعال
177,کرم مرطوب کننده آبرسان,مراقبت پوست,CeraVe,2116393,720126,غیرفعال
178,سرم هیالورونیک اسید,مراقبت پوست,The Ordinary,3740962,3381705,غیرفعال
179,سرم ویتامین C,مراقبت پوست,La Roche-Posay,5436261,4607016,فعال
180,کرم ضد آفتاب SPF50,مراقبت پوست,Bioderma,1767965,282240,غیرفعال
181,ژل شستشوی صورت,مراقبت پوست,Neutrogena,3215939,1561653,فعال
182,کرم دور چشم,مراقبت پوست,Eucerin,4367443,2900647,غیرفعال
183,ماسک صورت مغذی,مراقبت پوست,Vichy,2202741,848628,غیرفعال
184,تونر پاک کننده پوست,مراقبت پوست,L'Oréal,1207363,811720,غیرفعال
185,عطر ادو پرفیوم,عطر,Dior,2193487,1294825,فعال
186,عطر زنانه کلاسیک,عطر,Chanel,5799412,4674682,فعال
187,عطر مردانه اسپرت,عطر,Armani,3052956,2133507,فعال
188,اسپری بدن,عطر,Nivea,5283199,4648366,فعال
189,رژ لب مات,آرایشی,Maybelline,979563,516774,غیرفعال
190,ریمل حجم دهنده,آرایشی,MAC,709208,128426,غیرفعال
191,پنکیک آرایشی,آرایشی,NYX,4025526,3266957,فعال
192,کرم پودر,آرایشی,L'Oréal Paris,582481,460848,غیرفعال
193,سایه چشم,آرایشی,Essence,3971329,2428760,غیرفعال
194,خط چشم ضد آب,آرایشی,Sephora,913325,349627,فعال
195,شامپو تقویت کننده,بهداشتی,Head & Shoulders,2800150,1374786,غیرفعال
196,نرم کننده مو,بهداشتی,Pantene,3338060,3268788,غیرفعال
197,کرم دست و بدن,بهداشتی,Nivea,4173528,4065766,غیرفعال
198,محصول مراقبت مو,بهداشتی,Garnier,2350921,1244895,فعال
199,کرم مرطوب کننده آبرسان,مراقبت پوست,CeraVe,4218191,2967851,غیرفعال
200,سرم هیالورونیک اسید,مراقبت پوست,The Ordinary,3275983,2550720,فعال
201,سرم ویتامین C,مراقبت پوست,La Roche-Posay,1228209,574369,فعال
202,کرم ضد آفتاب SPF50,مراقبت پوست,Bioderma,4273807,3572580,غیرفعال
203,ژل شستشوی صورت,مراقبت پوست,Neutrogena,1283011,1191545,غیرفعال
204,کرم دور چشم,مراقبت پوست,Eucerin,1634767,386545,فعال
205,ماسک صورت مغذی,مراقبت پوست,Vichy,6492087,4598779,فعال
206,تونر پاک کننده پوست,مراقبت پوست,L'Oréal,5277648,3966877,غیرفعال
207,عطر ادو پرفیوم,عطر,Dior,6219436,4669712,غیرفعال
208,عطر زنانه کلاسیک,عطر,Chanel,3197341,1514445,فعال
209,عطر مردانه اسپرت,عطر,Armani,3635784,2299739,غیرفعال
210,اسپری بدن,عطر,Nivea,3307434,2682108,غیرفعال
211,رژ لب مات,آرایشی,Maybelline,2478383,2212962,غیرفعال
212,ریمل حجم دهنده,آرایشی,MAC,3224212,2583601,غیرفعال
213,پنکیک آرایشی,آرایشی,NYX,2543078,2061723,غیرفعال
214,کرم پودر,آرایشی,L'Oréal Paris,1214124,196788,غیرفعال
215,سایه چشم,آرایشی,Essence,3571436,2608227,فعال
216,خط چشم ضد آب,آرایشی,Sephora,913688,616629,فعال
217,شامپو تقویت کننده,بهداشتی,Head & Shoulders,3848852,2791013,فعال
218,نرم کننده مو,بهداشتی,Pantene,2952952,2133859,فعال
219,کرم دست و بدن,بهداشتی,Nivea,3054215,2749227,فعال
220,محصول مراقبت مو,بهداشتی,Garnier,3648266,2851103,فعال
221,کرم مرطوب کننده آبرسان,مراقبت پوست,CeraVe,2929462,2490978,فعال
222,سرم هیالورونیک اسید,مراقبت پوست,The Ordinary,1260539,823815,غیرفعال
223,سرم ویتامین C,مراقبت پوست,La Roche-Posay,3226354,2640269,فعال
224,کرم ضد آفتاب SPF50,مراقبت پوست,Bioderma,1445278,793050,غیرفعال
225,ژل شستشوی صورت,مراقبت پوست,Neutrogena,5368241,3794718,غیرفعال
226,کرم دور چشم,مراقبت پوست,Eucerin,3382389,2789722,غیرفعال
227,ماسک صورت مغذی,مراقبت پوست,Vichy,4608314,3700860,غیرفعال
228,تونر پاک کننده پوست,مراقبت پوست,L'Oréal,4346152,2963268,فعال
229,عطر ادو پرفیوم,عطر,Dior,3105774,2432872,فعال
230,عطر زنانه کلاسیک,عطر,Chanel,6281578,4664096,فعال
231,عطر مردانه اسپرت,عطر,Armani,5013262,3288771,غیرفعال
232,اسپری بدن,عطر,Nivea,2377652,1214050,غیرفعال
233,رژ لب مات,آرایشی,Maybelline,735939,352122,غیرفعال
234,ریمل حجم دهنده,آرایشی,MAC,2954601,1528941,غیرفعال
235,پنکیک آرایشی,آرایشی,NYX,1770664,1189747,غیرفعال
236,کرم پودر,آرایشی,L'Oréal Paris,2717143,1933581,فعال
237,سایه چشم,آرایشی,Essence,4757891,3958060,فعال
238,خط چشم ضد آب,آرایشی,Sephora,2025981,818341,فعال
239,شامپو تقویت کننده,بهداشتی,Head & Shoulders,3819214,3730533,غیرفعال
240,نرم کننده مو,بهداشتی,Pantene,3336487,1867959,غیرفعال
241,کرم دست و بدن,بهداشتی,Nivea,3711152,3423027,فعال
242,محصول مراقبت مو,بهداشتی,Garnier,5100739,3386897,غیرفعال
243,کرم مرطوب کننده آبرسان,مراقبت پوست,CeraVe,2754572,1313784,غیرفعال
244,سرم هیالورونیک اسید,مراقبت پوست,The Ordinary,2193498,1919764,غیرفعال
245,سرم ویتامین C,مراقبت پوست,La Roche-Posay,3378540,2033765,فعال
246,کرم ضد آفتاب SPF50,مراقبت پوست,Bioderma,5924484,3981040,غیرفعال
247,ژل شستشوی صورت,مراقبت پوست,Neutrogena,2083298,1168672,غیرفعال
248,کرم دور چشم,مراقبت پوست,Eucerin,2244062,2037557,فعال
249,ماسک صورت مغذی,مراقبت پوست,Vichy,3533253,2326562,غیرفعال
250,تونر پاک کننده پوست,مراقبت پوست,L'Oréal,1889063,457196,غیرفعال
251,عطر ادو پرفیوم,عطر,Dior,1380044,937663,فعال
252,عطر زنانه کلاسیک,عطر,Chanel,4637196,3984607,فعال
253,عطر مردانه اسپرت,عطر,Armani,1698385,939465,غیرفعال
254,اسپری بدن,عطر,Nivea,2575088,687298,غیرفعال
255,رژ لب مات,آرایشی,Maybelline,3761485,2117416,غیرفعال
256,ریمل حجم دهنده,آرایشی,MAC,3637661,2821668,غیرفعال
257,پنکیک آرایشی,آرایشی,NYX,1972205,549993,فعال
258,کرم پودر,آرایشی,L'Oréal Paris,6344770,4984377,غیرفعال
259,سایه چشم,آرایشی,Essence,3928751,2970244,غیرفعال
260,خط چشم ضد آب,آرایشی,Sephora,4937719,3088687,غیرفعال
261,شامپو تقویت کننده,بهداشتی,Head & Shoulders,2939582,2122873,فعال
262,نرم کننده مو,بهداشتی,Pantene,2665916,706726,غیرفعال
263,کرم دست و بدن,بهداشتی,Nivea,2554219,977162,غیرفعال
264,محصول مراقبت مو,بهداشتی,Garnier,4121334,2626898,فعال
265,کرم مرطوب کننده آبرسان,مراقبت پوست,CeraVe,4668720,4312958,فعال
266,سرم هیالورونیک اسید,مراقبت پوست,The Ordinary,1221527,700067,فعال
267,سرم ویتامین C,مراقبت پوست,La Roche-Posay,3690379,3445274,غیرفعال
268,کرم ضد آفتاب SPF50,مراقبت پوست,Bioderma,3438808,1830158,فعال
269,ژل شستشوی صورت,مراقبت پوست,Neutrogena,1597453,836668,فعال
270,کرم دور چشم,مراقبت پوست,Eucerin,4804116,4315639,فعال
271,ماسک صورت مغذی,مراقبت پوست,Vichy,3239488,2180111,فعال
272,تونر پاک کننده پوست,مراقبت پوست,L'Oréal,1702687,317613,غیرفعال
273,عطر ادو پرفیوم,عطر,Dior,2852432,2500169,فعال
274,عطر زنانه کلاسیک,عطر,Chanel,4256624,3098764,غیرفعال
275,عطر مردانه اسپرت,عطر,Armani,4296626,3758170,غیرفعال
276,اسپری بدن,عطر,Nivea,3983470,3379153,فعال
277,رژ لب مات,آرایشی,Maybelline,2020501,1854918,غیرفعال
278,ریمل حجم دهنده,آرایشی,MAC,5616505,3963059,فعال
279,پنکیک آرایشی,آرایشی,NYX,2234981,2065696,غیرفعال
280,کرم پودر,آرایشی,L'Oréal Paris,1157342,1030572,فعال
281,سایه چشم,آرایشی,Essence,2927450,2801017,فعال
282,خط چشم ضد آب,آرایشی,Sephora,3680181,2076506,فعال
283,شامپو تقویت کننده,بهداشتی,Head & Shoulders,3218255,2273346,فعال
284,نرم کننده مو,بهداشتی,Pantene,3643417,2927287,فعال
285,کرم دست و بدن,بهداشتی,Nivea,5678125,3799905,غیرفعال
286,محصول مراقبت مو,بهداشتی,Garnier,2989285,1525794,غیرفعال
287,کرم مرطوب کننده آبرسان,مراقبت پوست,CeraVe,2389472,452536,فعال
288,سرم هیالورونیک اسید,مراقبت پوست,The Ordinary,2276753,580690,فعال
289,سرم ویتامین C,مراقبت پوست,La Roche-Posay,4752377,3751044,غیرفعال
290,کرم ضد آفتاب SPF50,مراقبت پوست,Bioderma,4094534,2596844,فعال
291,ژل شستشوی صورت,مراقبت پوست,Neutrogena,4780986,3026146,غیرفعال
292,کرم دور چشم,مراقبت پوست,Eucerin,1224943,265894,غیرفعال
293,ماسک صورت مغذی,مراقبت پوست,Vichy,5702342,4048209,فعال
294,تونر پاک کننده پوست,مراقبت پوست,L'Oréal,4861367,4566850,فعال
295,عطر ادو پرفیوم,عطر,Dior,4763772,3122274,غیرفعال
296,عطر زنانه کلاسیک,عطر,Chanel,5192149,4382356,فعال
297,عطر مردانه اسپرت,عطر,Armani,4256940,2586796,فعال
298,اسپری بدن,عطر,Nivea,5352333,4159024,فعال
299,رژ لب مات,آرایشی,Maybelline,2081459,1599787,فعال
300,ریمل حجم دهنده,آرایشی,MAC,2176660,1548086,غیرفعال
301,پنکیک آرایشی,آرایشی,NYX,3741444,3685912,غیرفعال
302,کرم پودر,آرایشی,L'Oréal Paris,3612750,2363173,غیرفعال
303,سایه چشم,آرایشی,Essence,5770378,4378064,غیرفعال
304,خط چشم ضد آب,آرایشی,Sephora,3265582,1995043,فعال
305,شامپو تقویت کننده,بهداشتی,Head & Shoulders,3846276,2973457,غیرفعال
306,نرم کننده مو,بهداشتی,Pantene,3372635,1969125,فعال
307,کرم دست و بدن,بهداشتی,Nivea,5180666,3792875,فعال
308,محصول مراقبت مو,بهداشتی,Garnier,5542984,3647293,فعال
309,کرم مرطوب کننده آبرسان,مراقبت پوست,CeraVe,1543657,989640,غیرفعال
310,سرم هیالورونیک اسید,مراقبت پوست,The Ordinary,2724431,1729952,فعال
311,سرم ویتامین C,مراقبت پوست,La Roche-Posay,4213547,3195683,فعال
312,کرم ضد آفتاب SPF50,مراقبت پوست,Bioderma,5772021,4639286,فعال
313,ژل شستشوی صورت,مراقبت پوست,Neutrogena,293142,145456,غیرفعال
314,کرم دور چشم,مراقبت پوست,Eucerin,1227914,997641,فعال
315,ماسک صورت مغذی,مراقبت پوست,Vichy,3978276,2900341,فعال
316,تونر پاک کننده پوست,مراقبت پوست,L'Oréal,3863537,3185547,غیرفعال
317,عطر ادو پرفیوم,عطر,Dior,2910389,1033542,فعال
318,عطر زنانه کلاسیک,عطر,Chanel,2435368,2113707,غیرفعال
319,عطر مردانه اسپرت,عطر,Armani,3661005,2293521,فعال
320,اسپری بدن,عطر,Nivea,3214065,1966992,غیرفعال
321,رژ لب مات,آرایشی,Maybelline,4137177,2579751,فعال
322,ریمل حجم دهنده,آرایشی,MAC,3366732,2491762,فعال
323,پنکیک آرایشی,آرایشی,NYX,4796336,3105648,فعال
324,کرم پودر,آرایشی,L'Oréal Paris,3407750,1469740,غیرفعال
325,سایه چشم,آرایشی,Essence,1098243,282163,فعال
326,خط چشم ضد آب,آرایشی,Sephora,5454842,4766284,فعال
327,شامپو تقویت کننده,بهداشتی,Head & Shoulders,5667440,3964619,فعال
328,نرم کننده مو,بهداشتی,Pantene,3097141,1792342,غیرفعال
329,کرم دست و بدن,بهداشتی,Nivea,1956110,1894413,فعال
330,محصول مراقبت مو,بهداشتی,Garnier,2080139,1547458,غیرفعال
331,کرم مرطوب کننده آبرسان,مراقبت پوست,CeraVe,4686991,4452562,غیرفعال
332,سرم هیالورونیک اسید,مراقبت پوست,The Ordinary,3431275,1434693,غیرفعال
333,سرم ویتامین C,مراقبت پوست,La Roche-Posay,5103088,4443191,فعال
334,کرم ضد آفتاب SPF50,مراقبت پوست,Bioderma,1675412,1076389,غیرفعال
335,ژل شستشوی صورت,مراقبت پوست,Neutrogena,5399430,3578759,غیرفعال
336,کرم دور چشم,مراقبت پوست,Eucerin,2972129,1322428,فعال
337,ماسک صورت مغذی,مراقبت پوست,Vichy,4023757,2182678,غیرفعال
338,تونر پاک کننده پوست,مراقبت پوست,L'Oréal,3168712,2991831,فعال
339,عطر ادو پرفیوم,عطر,Dior,4200351,2835218,غیرفعال
340,عطر زنانه کلاسیک,عطر,Chanel,5350649,4523573,غیرفعال
341,عطر مردانه اسپرت,عطر,Armani,2461107,1318862,فعال
342,اسپری بدن,عطر,Nivea,1479720,710103,فعال
343,رژ لب مات,آرایشی,Maybelline,4536888,4009382,غیرفعال
344,ریمل حجم دهنده,آرایشی,MAC,2585924,1579962,فعال
345,پنکیک آرایشی,آرایشی,NYX,3355714,2928327,فعال
346,کرم پودر,آرایشی,L'Oréal Paris,3063726,2554717,فعال
347,سایه چشم,آرایشی,Essence,3514146,2158889,فعال
348,خط چشم ضد آب,آرایشی,Sephora,4224184,3199026,غیرفعال
349,شامپو تقویت کننده,بهداشتی,Head & Shoulders,1527991,412381,غیرفعال
350,نرم کننده مو,بهداشتی,Pantene,3598777,2415809,فعال
351,کرم دست و بدن,بهداشتی,Nivea,3919577,3431340,غیرفعال
352,محصول مراقبت مو,بهداشتی,Garnier,3495062,1811141,فعال
353,کرم مرطوب کننده آبرسان,مراقبت پوست,CeraVe,1869808,1450686,غیرفعال
354,سرم هیالورونیک اسید,مراقبت پوست,The Ordinary,3970302,2424797,غیرفعال
355,سرم ویتامین C,مراقبت پوست,La Roche-Posay,5825600,4340794,غیرفعال
356,کرم ضد آفتاب SPF50,مراقبت پوست,Bioderma,1929265,1267130,غیرفعال
357,ژل شستشوی صورت,مراقبت پوست,Neutrogena,5185120,4367333,غیرفعال
358,کرم دور چشم,مراقبت پوست,Eucerin,1644781,1169982,فعال
359,ماسک صورت مغذی,مراقبت پوست,Vichy,1471439,266538,غیرفعال
360,تونر پاک کننده پوست,مراقبت پوست,L'Oréal,2187930,1203481,غیرفعال
361,عطر ادو پرفیوم,عطر,Dior,4150316,2442055,غیرفعال
362,عطر زنانه کلاسیک,عطر,Chanel,2345952,484650,فعال
363,عطر مردانه اسپرت,عطر,Armani,6158972,4691033,غیرفعال
364,اسپری بدن,عطر,Nivea,2956133,1374789,غیرفعال
365,رژ لب مات,آرایشی,Maybelline,3870633,3062858,غیرفعال
366,ریمل حجم دهنده,آرایشی,MAC,4893748,3746963,فعال
367,پنکیک آرایشی,آرایشی,NYX,5575551,3768700,غیرفعال
368,کرم پودر,آرایشی,L'Oréal Paris,4767134,4213155,غیرفعال
369,سایه چشم,آرایشی,Essence,3869718,2537870,غیرفعال
370,خط چشم ضد آب,آرایشی,Sephora,1710232,314050,غیرفعال
371,شامپو تقویت کننده,بهداشتی,Head & Shoulders,2540289,1795493,غیرفعال
372,نرم کننده مو,بهداشتی,Pantene,5861769,4486183,فعال
373,کرم دست و بدن,بهداشتی,Nivea,1942872,732666,فعال
374,محصول مراقبت مو,بهداشتی,Garnier,2003606,1861923,غیرفعال
375,کرم مرطوب کننده آبرسان,مراقبت پوست,CeraVe,2415399,1940727,فعال
376,سرم هیالورونیک اسید,مراقبت پوست,The Ordinary,914374,174421,غیرفعال
377,سرم ویتامین C,مراقبت پوست,La Roche-Posay,4487651,3260708,فعال
378,کرم ضد آفتاب SPF50,مراقبت پوست,Bioderma,2759322,2374288,غیرفعال
379,ژل شستشوی صورت,مراقبت پوست,Neutrogena,4815659,3479169,فعال
380,کرم دور چشم,مراقبت پوست,Eucerin,4287337,3507035,غیرفعال
381,ماسک صورت مغذی,مراقبت پوست,Vichy,3681002,2582491,فعال
382,تونر پاک کننده پوست,مراقبت پوست,L'Oréal,4858228,4305037,فعال
383,عطر ادو پرفیوم,عطر,Dior,6674259,4919122,غیرفعال
384,عطر زنانه کلاسیک,عطر,Chanel,3785041,2261556,غیرفعال
385,عطر مردانه اسپرت,عطر,Armani,5346120,4147199,فعال
386,اسپری بدن,عطر,Nivea,6008243,4521251,فعال
387,رژ لب مات,آرایشی,Maybelline,4131630,2740550,فعال
388,ریمل حجم دهنده,آرایشی,MAC,4747579,4325851,غیرفعال
389,پنکیک آرایشی,آرایشی,NYX,2085308,453086,غیرفعال
390,کرم پودر,آرایشی,L'Oréal Paris,2385130,1250876,غیرفعال
391,سایه چشم,آرایشی,Essence,3502977,2950366,غیرفعال
392,خط چشم ضد آب,آرایشی,Sephora,4963468,4615233,فعال
393,شامپو تقویت کننده,بهداشتی,Head & Shoulders,5662324,4378383,غیرفعال
394,نرم کننده مو,بهداشتی,Pantene,3028415,2185068,غیرفعال
395,کرم دست و بدن,بهداشتی,Nivea,5071109,4169713,غیرفعال
396,محصول مراقبت مو,بهداشتی,Garnier,3151862,1651955,غیرفعال
397,کرم مرطوب کننده آبرسان,مراقبت پوست,CeraVe,1896278,1386873,فعال
398,سرم هیالورونیک اسید,مراقبت پوست,The Ordinary,2322464,1951557,فعال
399,سرم ویتامین C,مراقبت پوست,La Roche-Posay,2927809,2230143,غیرفعال
400,کرم ضد آفتاب SPF50,مراقبت پوست,Bioderma,4966076,4900448,فعال
401,ژل شستشوی صورت,مراقبت پوست,Neutrogena,3180438,2854901,فعال
402,کرم دور چشم,مراقبت پوست,Eucerin,4367485,3235628,غیرفعال
403,ماسک صورت مغذی,مراقبت پوست,Vichy,911317,170673,فعال
404,تونر پاک کننده پوست,مراقبت پوست,L'Oréal,2575731,1913037,فعال
405,عطر ادو پرفیوم,عطر,Dior,3271056,2945583,فعال
406,عطر زنانه کلاسیک,عطر,Chanel,354424,247364,فعال
407,عطر مردانه اسپرت,عطر,Armani,5823395,4079714,غیرفعال
408,اسپری بدن,عطر,Nivea,3609221,3555961,غیرفعال
409,رژ لب مات,آرایشی,Maybelline,2365440,1071986,فعال
410,ریمل حجم دهنده,آرایشی,MAC,5018249,4798809,فعال
411,پنکیک آرایشی,آرایشی,NYX,2740032,2180710,غیرفعال
412,کرم پودر,آرایشی,L'Oréal Paris,5500976,4337115,فعال
413,سایه چشم,آرایشی,Essence,1404364,332687,فعال
414,خط چشم ضد آب,آرایشی,Sephora,2682751,710280,غیرفعال
415,شامپو تقویت کننده,بهداشتی,Head & Shoulders,2057427,2005775,فعال
416,نرم کننده مو,بهداشتی,Pantene,2646953,1152730,غیرفعال
417,کرم دست و بدن,بهداشتی,Nivea,3592086,2863483,فعال
418,محصول مراقبت مو,بهداشتی,Garnier,2194091,1197595,فعال
419,کرم مرطوب کننده آبرسان,مراقبت پوست,CeraVe,3452293,3091239,فعال
420,سرم هیالورونیک اسید,مراقبت پوست,The Ordinary,3741851,2262902,فعال
421,سرم ویتامین C,مراقبت پوست,La Roche-Posay,2827572,2730556,غیرفعال
422,کرم ضد آفتاب SPF50,مراقبت پوست,Bioderma,4466248,4054184,غیرفعال
423,ژل شستشوی صورت,مراقبت پوست,Neutrogena,3677050,2076257,غیرفعال
424,کرم دور چشم,مراقبت پوست,Eucerin,4186306,4001010,فعال
425,ماسک صورت مغذی,مراقبت پوست,Vichy,5629326,4930356,غیرفعال
426,تونر پاک کننده پوست,مراقبت پوست,L'Oréal,1121248,1041533,غیرفعال
427,عطر ادو پرفیوم,عطر,Dior,2439830,1652836,غیرفعال
428,عطر زنانه کلاسیک,عطر,Chanel,4375330,2996736,غیرفعال
429,عطر مردانه اسپرت,عطر,Armani,5442096,3864718,فعال
430,اسپری بدن,عطر,Nivea,2941055,2311790,فعال
431,رژ لب مات,آرایشی,Maybelline,5126922,3576988,غیرفعال
432,ریمل حجم دهنده,آرایشی,MAC,4546306,4120562,غیرفعال
433,پنکیک آرایشی,آرایشی,NYX,1391147,378336,فعال
434,کرم پودر,آرایشی,L'Oréal Paris,2479838,1078449,غیرفعال
435,سایه چشم,آرایشی,Essence,3079748,2622766,غیرفعال
436,خط چشم ضد آب,آرایشی,Sephora,803995,118809,غیرفعال
437,شامپو تقویت کننده,بهداشتی,Head & Shoulders,1983628,535416,فعال
438,نرم کننده مو,بهداشتی,Pantene,5338474,4310287,غیرفعال
439,کرم دست و بدن,بهداشتی,Nivea,2022353,606327,غیرفعال
440,محصول مراقبت مو,بهداشتی,Garnier,3248316,3000845,غیرفعال
441,کرم مرطوب کننده آبرسان,مراقبت پوست,CeraVe,3098718,1327255,فعال
442,سرم هیالورونیک اسید,مراقبت پوست,The Ordinary,1797159,1617581,غیرفعال
443,سرم ویتامین C,مراقبت پوست,La Roche-Posay,2997990,1595298,فعال
444,کرم ضد آفتاب SPF50,مراقبت پوست,Bioderma,4176454,3758510,فعال
445,ژل شستشوی صورت,مراقبت پوست,Neutrogena,4131547,3538587,غیرفعال
446,کرم دور چشم,مراقبت پوست,Eucerin,3663712,3424601,فعال
447,ماسک صورت مغذی,مراقبت پوست,Vichy,4669347,3539478,فعال
448,تونر پاک کننده پوست,مراقبت پوست,L'Oréal,4551331,3246156,غیرفعال
449,عطر ادو پرفیوم,عطر,Dior,5741211,4792048,فعال
450,عطر زنانه کلاسیک,عطر,Chanel,5302257,3416742,غیرفعال
451,عطر مردانه اسپرت,عطر,Armani,1789613,1112333,فعال
452,اسپری بدن,عطر,Nivea,4859224,3174531,فعال
453,رژ لب مات,آرایشی,Maybelline,1861039,1424114,غیرفعال
454,ریمل حجم دهنده,آرایشی,MAC,2378018,1647945,فعال
455,پنکیک آرایشی,آرایشی,NYX,4183111,2316552,غیرفعال
456,کرم پودر,آرایشی,L'Oréal Paris,3677540,2993607,فعال
457,سایه چشم,آرایشی,Essence,1985042,263923,فعال
458,خط چشم ضد آب,آرایشی,Sephora,5324169,3406712,غیرفعال
459,شامپو تقویت کننده,بهداشتی,Head & Shoulders,2794575,1235312,فعال
460,نرم کننده مو,بهداشتی,Pantene,4160782,3067497,غیرفعال
461,کرم دست و بدن,بهداشتی,Nivea,5129859,3570481,غیرفعال
462,محصول مراقبت مو,بهداشتی,Garnier,4265574,3558993,غیرفعال
463,کرم مرطوب کننده آبرسان,مراقبت پوست,CeraVe,6165338,4589566,غیرفعال
464,سرم هیالورونیک اسید,مراقبت پوست,The Ordinary,5756781,4911460,فعال
465,سرم ویتامین C,مراقبت پوست,La Roche-Posay,4931895,3061353,فعال
466,کرم ضد آفتاب SPF50,مراقبت پوست,Bioderma,2812305,2304411,غیرفعال
467,ژل شستشوی صورت,مراقبت پوست,Neutrogena,1182477,775518,غیرفعال
468,کرم دور چشم,مراقبت پوست,Eucerin,1873946,1386048,غیرفعال
469,ماسک صورت مغذی,مراقبت پوست,Vichy,833514,469084,فعال
470,تونر پاک کننده پوست,مراقبت پوست,L'Oréal,5341285,4924551,غیرفعال
471,عطر ادو پرفیوم,عطر,Dior,1764849,1035025,غیرفعال
472,عطر زنانه کلاسیک,عطر,Chanel,3076224,2684157,غیرفعال
473,عطر مردانه اسپرت,عطر,Armani,4853761,3846991,غیرفعال
474,اسپری بدن,عطر,Nivea,1411446,1147824,فعال
475,رژ لب مات,آرایشی,Maybelline,2954091,2891743,غیرفعال
476,ریمل حجم دهنده,آرایشی,MAC,2475588,2327516,فعال
477,پنکیک آرایشی,آرایشی,NYX,2786246,2675648,غیرفعال
478,کرم پودر,آرایشی,L'Oréal Paris,3293517,2811082,فعال
479,سایه چشم,آرایشی,Essence,5731703,4771162,فعال
480,خط چشم ضد آب,آرایشی,Sephora,4876931,3047542,فعال
481,شامپو تقویت کننده,بهداشتی,Head & Shoulders,3206165,1957219,غیرفعال
482,نرم کننده مو,بهداشتی,Pantene,4989140,4337871,غیرفعال
483,کرم دست و بدن,بهداشتی,Nivea,4550140,4455631,فعال
484,محصول مراقبت مو,بهداشتی,Garnier,3467252,1535416,فعال
485,کرم مرطوب کننده آبرسان,مراقبت پوست,CeraVe,2530437,990517,فعال
486,سرم هیالورونیک اسید,مراقبت پوست,The Ordinary,2322218,1510460,غیرفعال
487,سرم ویتامین C,مراقبت پوست,La Roche-Posay,3384003,2752820,غیرفعال
488,کرم ضد آفتاب SPF50,مراقبت پوست,Bioderma,5844532,4084157,فعال
489,ژل شستشوی صورت,مراقبت پوست,Neutrogena,2533254,2439037,فعال
490,کرم دور چشم,مراقبت پوست,Eucerin,672277,477795,غیرفعال
491,ماسک صورت مغذی,مراقبت پوست,Vichy,3856317,3178363,فعال
492,تونر پاک کننده پوست,مراقبت پوست,L'Oréal,3267193,2898948,فعال
493,عطر ادو پرفیوم,عطر,Dior,4125207,2253551,فعال
494,عطر زنانه کلاسیک,عطر,Chanel,4890394,4755511,فعال
495,عطر مردانه اسپرت,عطر,Armani,6379128,4993614,فعال
496,اسپری بدن,عطر,Nivea,4557162,3355691,غیرفعال
497,رژ لب مات,آرایشی,Maybelline,3837913,2823103,فعال
498,ریمل حجم دهنده,آرایشی,MAC,4646048,3566854,غیرفعال
499,پنکیک آرایشی,آرایشی,NYX,3611266,3417085,فعال
500,کرم پودر,آرایشی,L'Oréal Paris,2349055,761040,فعال
